{
  "train_count": 7202,
  "train_mean": 1.2066899538040161,
  "train_var": 13.442659378051758,
  "p1": -7.141717433929443,
  "p5": -5.216678142547607,
  "p10": -3.9962728023529053
}